ROI,site,y_mean,y_var,yhat_mean,yhat_var,MSLL,EV,SMSE,RMSE,Rho
lh_bankssts_thickness,cam,[2.58050407],[0.02558032],[2.5746295],[0.00835465],-0.08916152059459442,0.17253831771241346,0.8288107884533407,0.1456064595546179,0.4367006068957953
lh_bankssts_thickness,hcp,[2.67746188],[0.01985646],[2.67647986],[0.00036137],0.004884192375226048,0.012309681183183652,0.9877388860900798,0.14004642597845426,0.11307579999561311
lh_bankssts_thickness,ixi,[2.60641379],[0.05085554],[2.62560303],[0.00665511],0.012516559524532993,0.1623458857876069,0.84489475719453,0.20728621628907096,0.40526460786811247
lh_caudalanteriorcingulate_thickness,cam,[2.67393496],[0.04923694],[2.67545759],[0.00241406],-0.006348110583820789,0.015113080959772818,0.9849340056923901,0.22021611071528957,0.14483966345683702
lh_caudalanteriorcingulate_thickness,hcp,[2.68750673],[0.02664899],[2.68506972],[0.00023336],0.06212354057897019,-0.011829511172477103,1.01205237105462,0.16422599647286276,-0.016418730639260512
lh_caudalanteriorcingulate_thickness,ixi,[2.74941379],[0.06443114],[2.74408142],[0.00187281],0.00897984591486696,0.037568902823196804,0.9628724091374652,0.24907622557770778,0.19542420068694388
